{"info":{"_postman_id":"081502d4-1e10-48e2-9c35-33edc66e1208","name":"Strapi","schema":"https://schema.getpostman.com/json/collection/v2.1.0/collection.json"},"item":[{"name":"New Request","id":"629496d2-118d-43fe-b3ee-8a2a12a26b2e","protocolProfileBehavior":{"disableBodyPruning":true},"request":{"method":"GET","header":[],"url":{"raw":"http://localhost:1337/events?slug=throwback-thursdays-with-dj-manny-duke","protocol":"http","host":["localhost"],"port":"1337","path":["events"],"query":[{"key":"slug","value":"throwback-thursdays-with-dj-manny-duke"}]}},"response":[]}]}