{"info":{"_postman_id":"0f4c1978-52b1-45c1-9f3e-55f5b7cc2045","name":"NestJS","schema":"https://schema.getpostman.com/json/collection/v2.1.0/collection.json"},"item":[{"name":"http://localhost:8000/api/users","id":"4ef19471-7d17-41a1-9906-7ba6bfc80104","protocolProfileBehavior":{"disableBodyPruning":true},"request":{"method":"POST","header":[],"body":{"mode":"raw","raw":"{\r\n    \"first_name\" : \"a\",\r\n    \"last_name\" : \"a\",\r\n    \"email\" : \"a@gmail.com\",\r\n    \"role_id\": \"a\"\r\n}","options":{"raw":{"language":"json"}}},"url":{"raw":"http://localhost:8000/api/users","protocol":"http","host":["localhost"],"port":"8000","path":["api","users"]}},"response":[]},{"name":"http://localhost:8000/register","id":"a9524ea7-406b-4b84-84e1-37ef6bfb2f01","protocolProfileBehavior":{"disableBodyPruning":true},"request":{"method":"POST","header":[],"body":{"mode":"raw","raw":"{\r\n    \"first_name\": \"d\",\r\n    \"last_name\": \"d\",\r\n    \"email\": \"d@gmail.com\",\r\n    \"password\": \"d\",\r\n    \"password_confirm\": \"d\"\r\n}","options":{"raw":{"language":"json"}}},"url":{"raw":"http://localhost:8000/api/login","protocol":"http","host":["localhost"],"port":"8000","path":["api","login"]}},"response":[]},{"name":"http://localhost:8000/api/users","id":"9daede3e-5e67-4620-8df1-f0fc1d9d3456","protocolProfileBehavior":{"disableBodyPruning":true},"request":{"method":"GET","header":[],"url":{"raw":"http://localhost:8000/api/users","protocol":"http","host":["localhost"],"port":"8000","path":["api","users"]}},"response":[]},{"name":"http://localhost:8000/api/login","id":"319fd687-16d8-4f07-96d9-7a7abc17fcff","protocolProfileBehavior":{"disableBodyPruning":true},"request":{"method":"POST","header":[],"body":{"mode":"raw","raw":"{\r\n    \"email\": \"testi@gmail.com\",\r\n    \"password\": \"1\"\r\n}","options":{"raw":{"language":"json"}}},"url":{"raw":"http://localhost:8000/api/login","protocol":"http","host":["localhost"],"port":"8000","path":["api","login"]}},"response":[]},{"name":"http://localhost:8000/api/user","id":"58a0ff54-937e-46a5-938a-7ffe0c697e4d","protocolProfileBehavior":{"disableBodyPruning":true},"request":{"method":"PUT","header":[],"body":{"mode":"raw","raw":"{\r\n    \"password\" : \"ahmad\"\r\n}","options":{"raw":{"language":"json"}}},"url":{"raw":"http://localhost:8000/api/users/password","protocol":"http","host":["localhost"],"port":"8000","path":["api","users","password"]}},"response":[]},{"name":"http://localhost:8000/api/logout","id":"f34594b1-74d5-4f23-86a6-2448bee9f06b","protocolProfileBehavior":{"disableBodyPruning":true},"request":{"method":"POST","header":[],"url":{"raw":"http://localhost:8000/api/logout","protocol":"http","host":["localhost"],"port":"8000","path":["api","logout"]}},"response":[]},{"name":"http://localhost:8000/api/users/9","id":"733c16e7-27b6-437b-a5c7-ae31cabd1fc4","protocolProfileBehavior":{"disableBodyPruning":true},"request":{"method":"PUT","header":[],"body":{"mode":"raw","raw":"{\r\n    \"role_id\" : \"3\"\r\n}","options":{"raw":{"language":"json"}}},"url":{"raw":"http://localhost:8000/api/users/11","protocol":"http","host":["localhost"],"port":"8000","path":["api","users","11"]}},"response":[]},{"name":"http://localhost:8000/api/users/9","id":"3791cd81-f601-48d3-a3bf-f6e53b749cce","protocolProfileBehavior":{"disableBodyPruning":true},"request":{"method":"POST","header":[],"body":{"mode":"raw","raw":"{\r\n    \"name\" : \"test\",\r\n    \"permissions\": [2,4]\r\n}","options":{"raw":{"language":"json"}}},"url":{"raw":"http://localhost:8000/api/roles","protocol":"http","host":["localhost"],"port":"8000","path":["api","roles"]}},"response":[]},{"name":"http://localhost:8000/api/roles","id":"5fc403c9-5d10-4222-95ef-b8973223c8f6","protocolProfileBehavior":{"disableBodyPruning":true},"request":{"method":"GET","header":[],"url":{"raw":"http://localhost:8000/api/roles","protocol":"http","host":["localhost"],"port":"8000","path":["api","roles"]}},"response":[]}]}