{"info":{"_postman_id":"fd69a8a0-7bd5-4206-a0c3-dd89e21ce401","name":"FashionApp","schema":"https://schema.getpostman.com/json/collection/v2.1.0/collection.json"},"item":[{"name":"Post Register","id":"a4c29d65-66d4-4ffa-9200-11d4d287d9b7","protocolProfileBehavior":{"disableBodyPruning":true},"request":{"method":"POST","header":[],"body":{"mode":"raw","raw":"{\r\n    \"nama\" : \"d\",\r\n    \"email\" : \"d@gmail.com\",\r\n    \"password\" : \"d\",\r\n    \"password_confirm\" : \"d\"\r\n}","options":{"raw":{"language":"json"}}},"url":{"raw":"http://localhost:3000/api/register","protocol":"http","host":["localhost"],"port":"3000","path":["api","register"]}},"response":[]},{"name":"Login","id":"e993f2ce-391e-483c-8368-5fad28eeecb9","protocolProfileBehavior":{"disableBodyPruning":true},"request":{"method":"POST","header":[],"body":{"mode":"raw","raw":"{\r\n    \"email\" : \"a@gmail.com\",\r\n    \"password\": \"a\"\r\n}","options":{"raw":{"language":"json"}}},"url":{"raw":"http://localhost:3000/api/login","protocol":"http","host":["localhost"],"port":"3000","path":["api","login"]}},"response":[]},{"name":"Cek User Login","id":"da7e586e-06e4-43fd-9fd6-16b750ea7b97","protocolProfileBehavior":{"disableBodyPruning":true},"request":{"method":"GET","header":[],"body":{"mode":"raw","raw":"","options":{"raw":{"language":"json"}}},"url":{"raw":"http://localhost:3000/api/user","protocol":"http","host":["localhost"],"port":"3000","path":["api","user"]}},"response":[]},{"name":"Logout","id":"de1c951d-aa66-42c2-ad27-3981c09ce44e","protocolProfileBehavior":{"disableBodyPruning":true},"request":{"method":"POST","header":[],"url":{"raw":"http://localhost:3000/api/logout","protocol":"http","host":["localhost"],"port":"3000","path":["api","logout"]}},"response":[]},{"name":"Cek user ID","id":"4f95fee8-4d38-4a13-ac52-6a2539b5b7e4","protocolProfileBehavior":{"disableBodyPruning":true},"request":{"method":"GET","header":[],"url":{"raw":"http://localhost:3000/api/users/18","protocol":"http","host":["localhost"],"port":"3000","path":["api","users","18"]}},"response":[]},{"name":"Delete User","id":"3bc0bdf7-e231-4afa-ae33-6c08691fa25d","protocolProfileBehavior":{"disableBodyPruning":true},"request":{"method":"DELETE","header":[],"body":{"mode":"raw","raw":"{\r\n    \"nama\": \"b\",\r\n    \"email\" : \"b@gmail.com\"\r\n}","options":{"raw":{"language":"json"}}},"url":{"raw":"http://localhost:3000/api/users/18","protocol":"http","host":["localhost"],"port":"3000","path":["api","users","18"]}},"response":[]},{"name":"Update User","id":"c08c3dc3-a1f6-4bb2-989a-8e90be2df18e","protocolProfileBehavior":{"disableBodyPruning":true},"request":{"method":"PUT","header":[],"body":{"mode":"raw","raw":"{\r\n    \"nama\": \"b\",\r\n    \"email\" : \"b@gmail.com\"\r\n}","options":{"raw":{"language":"json"}}},"url":{"raw":"http://localhost:3000/api/users/18","protocol":"http","host":["localhost"],"port":"3000","path":["api","users","18"]}},"response":[]}]}